scan_mode,scan_label,calibrated_bond_indices,calibrated_bonds,scan_group,jprime,calibrated_hamiltonian_energy,target_energy,target_energy_error,target_fidelity,reference_energy,pauli_scale
group,color0,0 1 2 3 4 5,1-2 4-6 8-10 11-12 14-16 17-18,color0,1.0,-29.146168109350075,-29.146168109350093,4.263256414560601e-14,1.0000000000000004,-29.146168109350135,1.0
group,color0,0 1 2 3 4 5,1-2 4-6 8-10 11-12 14-16 17-18,color0,1.02,-29.229610840813105,-29.13114842485313,0.015019684497005414,0.9146314398514728,-29.146168109350135,1.0
group,color0,0 1 2 3 4 5,1-2 4-6 8-10 11-12 14-16 17-18,color0,1.04,-29.33956508456877,-29.1001473423762,0.04602076697393542,0.7668699489353454,-29.146168109350135,1.0
group,color0,0 1 2 3 4 5,1-2 4-6 8-10 11-12 14-16 17-18,color0,1.05,-29.40133962012412,-29.083510863955006,0.06265724539512973,0.7043207848218661,-29.146168109350135,1.0
group,color0,0 1 2 3 4 5,1-2 4-6 8-10 11-12 14-16 17-18,color0,1.06,-29.466485292662576,-29.066647470097593,0.07952063925254294,0.651766623356305,-29.146168109350135,1.0
group,color0,0 1 2 3 4 5,1-2 4-6 8-10 11-12 14-16 17-18,color0,1.08,-29.604959341064948,-29.031856243262094,0.11431186608804111,0.5703213717574822,-29.146168109350135,1.0
group,color0,0 1 2 3 4 5,1-2 4-6 8-10 11-12 14-16 17-18,color0,1.1,-29.752472332361403,-28.9947355755181,0.15143253383203614,0.5101671575793193,-29.146168109350135,1.0
group,color0,0 1 2 3 4 5,1-2 4-6 8-10 11-12 14-16 17-18,color0,1.15,-30.153732455606104,-28.886611806891118,0.25955630245901773,0.4065752860870115,-29.146168109350135,1.0
group,color0,0 1 2 3 4 5,1-2 4-6 8-10 11-12 14-16 17-18,color0,1.2,-30.595739778933815,-28.75087785227447,0.3952902570756649,0.3317789256029693,-29.146168109350135,1.0
group,color0,0 1 2 3 4 5,1-2 4-6 8-10 11-12 14-16 17-18,color0,1.25,-31.075599663085193,-28.584028537099183,0.5621395722509526,0.26666862107951333,-29.146168109350135,1.0
group,color0,0 1 2 3 4 5,1-2 4-6 8-10 11-12 14-16 17-18,color0,1.3,-31.592130041307122,-28.38384888896471,0.7623192203854252,0.2027242406083942,-29.146168109350135,1.0
group,color0,0 1 2 3 4 5,1-2 4-6 8-10 11-12 14-16 17-18,color0,1.4,-32.73475879523609,-27.879994555449272,1.2661735539008632,0.06689154119456238,-29.146168109350135,1.0
group,color0,0 1 2 3 4 5,1-2 4-6 8-10 11-12 14-16 17-18,color0,1.5,-34.00031425538158,-27.462654783985357,1.6835133253647783,0.012774390438598278,-29.146168109350135,1.0
group,color0,0 1 2 3 4 5,1-2 4-6 8-10 11-12 14-16 17-18,color0,1.75,-37.44660313028101,-26.655285462913504,2.4908826464366314,0.0015168939614128765,-29.146168109350135,1.0
group,color0,0 1 2 3 4 5,1-2 4-6 8-10 11-12 14-16 17-18,color0,1.95,-40.39999444369223,-26.046402698685025,3.0997654106651105,0.0007893695948797382,-29.146168109350135,1.0
group,color0,0 1 2 3 4 5,1-2 4-6 8-10 11-12 14-16 17-18,color0,2.1,-42.698627939797795,-25.62207391745764,3.5240941918924946,0.0006070507494498412,-29.146168109350135,1.0
group,color0,0 1 2 3 4 5,1-2 4-6 8-10 11-12 14-16 17-18,color0,2.3,-45.84857053308615,-25.10683772931334,4.039330380036795,0.00048763930665761575,-29.146168109350135,1.0
group,color1,6 7 8 9 10 11,0-1 2-4 6-8 10-11 12-14 16-17,color1,1.0,-29.146168109350015,-29.146168109350086,4.973799150320701e-14,1.0,-29.146168109350135,1.0
group,color1,6 7 8 9 10 11,0-1 2-4 6-8 10-11 12-14 16-17,color1,1.02,-29.185775403553173,-29.142223516874747,0.003944592475388475,0.9949665663177157,-29.146168109350135,1.0
group,color1,6 7 8 9 10 11,0-1 2-4 6-8 10-11 12-14 16-17,color1,1.04,-29.233460991107854,-29.129630113375036,0.016537995975099307,0.9789022503376363,-29.146168109350135,1.0
group,color1,6 7 8 9 10 11,0-1 2-4 6-8 10-11 12-14 16-17,color1,1.05,-29.26051263947093,-29.119723233409733,0.026444875940402568,0.9664480755221927,-29.146168109350135,1.0
group,color1,6 7 8 9 10 11,0-1 2-4 6-8 10-11 12-14 16-17,color1,1.06,-29.289801620685115,-29.107205582788854,0.03896252656128141,0.9510374884422574,-29.146168109350135,1.0
group,color1,6 7 8 9 10 11,0-1 2-4 6-8 10-11 12-14 16-17,color1,1.08,-29.35539718050792,-29.073663893083953,0.0725042162661822,0.9117541102804148,-29.146168109350135,1.0
group,color1,6 7 8 9 10 11,0-1 2-4 6-8 10-11 12-14 16-17,color1,1.1,-29.430899792202947,-29.02740530904724,0.11876280030289621,0.8621188212081675,-29.146168109350135,1.0
group,color1,6 7 8 9 10 11,0-1 2-4 6-8 10-11 12-14 16-17,color1,1.15,-29.66879412150507,-28.835335226773285,0.31083288257685027,0.6860497223555487,-29.146168109350135,1.0
group,color1,6 7 8 9 10 11,0-1 2-4 6-8 10-11 12-14 16-17,color1,1.2,-30.065569665545258,-28.06916168363004,1.0770064257200964,0.0014807928858766375,-29.146168109350135,1.0
group,color1,6 7 8 9 10 11,0-1 2-4 6-8 10-11 12-14 16-17,color1,1.25,-30.583940256310786,-27.907897523075324,1.2382705862748118,0.0008273304335997182,-29.146168109350135,1.0
group,color1,6 7 8 9 10 11,0-1 2-4 6-8 10-11 12-14 16-17,color1,1.3,-31.133773527285484,-27.750617509321177,1.3955506000289581,0.0007071537521496305,-29.146168109350135,1.0
group,color1,6 7 8 9 10 11,0-1 2-4 6-8 10-11 12-14 16-17,color1,1.4,-32.3123398443216,-27.407001243005162,1.7391668663449735,0.0005920643542177666,-29.146168109350135,1.0
group,color1,6 7 8 9 10 11,0-1 2-4 6-8 10-11 12-14 16-17,color1,1.5,-33.5805113680325,-27.044691759615436,2.1014763497346998,0.0004951455759118513,-29.146168109350135,1.0
group,color1,6 7 8 9 10 11,0-1 2-4 6-8 10-11 12-14 16-17,color1,1.75,-37.03939938921073,-26.180410368568495,2.9657577407816405,0.0003083865936824319,-29.146168109350135,1.0
group,color1,6 7 8 9 10 11,0-1 2-4 6-8 10-11 12-14 16-17,color1,1.95,-40.012279717853204,-25.564638407504788,3.581529701845348,0.00021927750984658106,-29.146168109350135,1.0
group,color1,6 7 8 9 10 11,0-1 2-4 6-8 10-11 12-14 16-17,color1,2.1,-42.32537749592094,-25.1462445448771,3.999923564473036,0.00017528759910041106,-29.146168109350135,1.0
group,color1,6 7 8 9 10 11,0-1 2-4 6-8 10-11 12-14 16-17,color1,2.3,-45.493016856060166,-24.642304620841987,4.5038634885081485,0.00013521293483531986,-29.146168109350135,1.0
group,color2,12 13 14 15 16 17 18 19 20,2-3 4-5 6-7 8-9 10-12 13-14 15-16 1-11 0-17,color2,1.0,-29.146168109350064,-29.14616810935009,4.618527782440651e-14,1.0000000000000004,-29.146168109350135,1.0
group,color2,12 13 14 15 16 17 18 19 20,2-3 4-5 6-7 8-9 10-12 13-14 15-16 1-11 0-17,color2,1.02,-29.528980466697792,-29.085941427393994,0.06022668195614145,0.6383670376761845,-29.146168109350135,1.0
group,color2,12 13 14 15 16 17 18 19 20,2-3 4-5 6-7 8-9 10-12 13-14 15-16 1-11 0-17,color2,1.04,-29.988796316145123,-29.04610865774112,0.10005945160901675,0.49580638759105433,-29.146168109350135,1.0
group,color2,12 13 14 15 16 17 18 19 20,2-3 4-5 6-7 8-9 10-12 13-14 15-16 1-11 0-17,color2,1.05,-30.226316677713825,-29.030430320913542,0.11573778843659355,0.4596162191978064,-29.146168109350135,1.0
group,color2,12 13 14 15 16 17 18 19 20,2-3 4-5 6-7 8-9 10-12 13-14 15-16 1-11 0-17,color2,1.06,-30.46685748254093,-29.016113426864063,0.13005468248607244,0.43292946785833314,-29.146168109350135,1.0
group,color2,12 13 14 15 16 17 18 19 20,2-3 4-5 6-7 8-9 10-12 13-14 15-16 1-11 0-17,color2,1.08,-30.95442957888141,-28.990195139319177,0.1559729700309589,0.3952953702970182,-29.146168109350135,1.0
group,color2,12 13 14 15 16 17 18 19 20,2-3 4-5 6-7 8-9 10-12 13-14 15-16 1-11 0-17,color2,1.1,-31.448239972613674,-28.966786730684397,0.1793813786657381,0.3693263987250923,-29.146168109350135,1.0
group,color2,12 13 14 15 16 17 18 19 20,2-3 4-5 6-7 8-9 10-12 13-14 15-16 1-11 0-17,color2,1.15,-32.70046327024924,-28.91520174387473,0.23096636547540683,0.3281315246558588,-29.146168109350135,1.0
group,color2,12 13 14 15 16 17 18 19 20,2-3 4-5 6-7 8-9 10-12 13-14 15-16 1-11 0-17,color2,1.2,-33.96917699712888,-28.869922290354438,0.27624581899569733,0.3028899592724203,-29.146168109350135,1.0
group,color2,12 13 14 15 16 17 18 19 20,2-3 4-5 6-7 8-9 10-12 13-14 15-16 1-11 0-17,color2,1.25,-35.24883161483702,-28.828688022409743,0.3174800869403924,0.2852670548865303,-29.146168109350135,1.0
group,color2,12 13 14 15 16 17 18 19 20,2-3 4-5 6-7 8-9 10-12 13-14 15-16 1-11 0-17,color2,1.3,-36.536504274880606,-28.790332438425324,0.3558356709248116,0.2719988681336661,-29.146168109350135,1.0
group,color2,12 13 14 15 16 17 18 19 20,2-3 4-5 6-7 8-9 10-12 13-14 15-16 1-11 0-17,color2,1.4,-39.12939064110462,-28.719787942470816,0.42638016687931923,0.25290012885081076,-29.146168109350135,1.0
group,color2,12 13 14 15 16 17 18 19 20,2-3 4-5 6-7 8-9 10-12 13-14 15-16 1-11 0-17,color2,1.5,-41.739363997230434,-28.655272233835294,0.49089587551484115,0.23945488625201547,-29.146168109350135,1.0
group,color2,12 13 14 15 16 17 18 19 20,2-3 4-5 6-7 8-9 10-12 13-14 15-16 1-11 0-17,color2,1.75,-48.31324483269217,-28.512591490328624,0.6335766190215111,0.21762731041833733,-29.146168109350135,1.0
group,color2,12 13 14 15 16 17 18 19 20,2-3 4-5 6-7 8-9 10-12 13-14 15-16 1-11 0-17,color2,1.95,-53.60587916915077,-28.41325748072686,0.7329106286232765,0.20625583860855884,-29.146168109350135,1.0
group,color2,12 13 14 15 16 17 18 19 20,2-3 4-5 6-7 8-9 10-12 13-14 15-16 1-11 0-17,color2,2.1,-57.588794917570276,-28.34589076449041,0.800277344859726,0.19966170933549837,-29.146168109350135,1.0
group,color2,12 13 14 15 16 17 18 19 20,2-3 4-5 6-7 8-9 10-12 13-14 15-16 1-11 0-17,color2,2.3,-62.91282166011972,-28.264351289023985,0.8818168203261507,0.19256242975332444,-29.146168109350135,1.0
group,color3,21 22 23 24 25 26 27 28 29,3-4 5-6 7-8 9-10 12-13 14-15 16-18 2-11 1-17,color3,1.0,-29.146168109350064,-29.146168109350093,4.263256414560601e-14,1.0000000000000004,-29.146168109350135,1.0
group,color3,21 22 23 24 25 26 27 28 29,3-4 5-6 7-8 9-10 12-13 14-15 16-18 2-11 1-17,color3,1.02,-29.427009113934332,-29.10495907580203,0.04120903354810679,0.7539029345583983,-29.146168109350135,1.0
group,color3,21 22 23 24 25 26 27 28 29,3-4 5-6 7-8 9-10 12-13 14-15 16-18 2-11 1-17,color3,1.04,-29.767084898856783,-29.058233240344048,0.08793486900608727,0.587084207352277,-29.146168109350135,1.0
group,color3,21 22 23 24 25 26 27 28 29,3-4 5-6 7-8 9-10 12-13 14-15 16-18 2-11 1-17,color3,1.05,-29.947179609261276,-29.032802184847952,0.11336592450218319,0.5341894979749421,-29.146168109350135,1.0
group,color3,21 22 23 24 25 26 27 28 29,3-4 5-6 7-8 9-10 12-13 14-15 16-18 2-11 1-17,color3,1.06,-30.132749312727686,-29.003107143858085,0.14306096549205094,0.4910080163066798,-29.146168109350135,1.0
group,color3,21 22 23 24 25 26 27 28 29,3-4 5-6 7-8 9-10 12-13 14-15 16-18 2-11 1-17,color3,1.08,-30.521152112440394,-28.91488821908975,0.2312798902603852,0.4139457608941787,-29.146168109350135,1.0
group,color3,21 22 23 24 25 26 27 28 29,3-4 5-6 7-8 9-10 12-13 14-15 16-18 2-11 1-17,color3,1.1,-30.93963155583352,-28.75364009232649,0.3925280170236469,0.3201414667781998,-29.146168109350135,1.0
group,color3,21 22 23 24 25 26 27 28 29,3-4 5-6 7-8 9-10 12-13 14-15 16-18 2-11 1-17,color3,1.15,-32.13167006779595,-28.36628597840043,0.779882130949705,0.11745416245315143,-29.146168109350135,1.0
group,color3,21 22 23 24 25 26 27 28 29,3-4 5-6 7-8 9-10 12-13 14-15 16-18 2-11 1-17,color3,1.2,-33.40750132102528,-28.251193887624254,0.8949742217258816,0.06450206965548357,-29.146168109350135,1.0
group,color3,21 22 23 24 25 26 27 28 29,3-4 5-6 7-8 9-10 12-13 14-15 16-18 2-11 1-17,color3,1.25,-34.70329049150506,-28.197902469881846,0.9482656394682891,0.04702920643660731,-29.146168109350135,1.0
group,color3,21 22 23 24 25 26 27 28 29,3-4 5-6 7-8 9-10 12-13 14-15 16-18 2-11 1-17,color3,1.3,-36.00802051539618,-28.160633812421636,0.985534296928499,0.038808239337778105,-29.146168109350135,1.0
group,color3,21 22 23 24 25 26 27 28 29,3-4 5-6 7-8 9-10 12-13 14-15 16-18 2-11 1-17,color3,1.4,-38.63299933412299,-28.102202027206197,1.043966082143939,0.031050188329094997,-29.146168109350135,1.0
group,color3,21 22 23 24 25 26 27 28 29,3-4 5-6 7-8 9-10 12-13 14-15 16-18 2-11 1-17,color3,1.5,-41.27152970763941,-28.052926186428515,1.0932419229216208,0.027344154097774066,-29.146168109350135,1.0
group,color3,21 22 23 24 25 26 27 28 29,3-4 5-6 7-8 9-10 12-13 14-15 16-18 2-11 1-17,color3,1.75,-47.904222609250645,-27.94903354214359,1.1971345672065468,0.023149244145145128,-29.146168109350135,1.0
group,color3,21 22 23 24 25 26 27 28 29,3-4 5-6 7-8 9-10 12-13 14-15 16-18 2-11 1-17,color3,1.95,-53.23439845586092,-27.87926897491412,1.2668991344360165,0.02155071716509656,-29.146168109350135,1.0
group,color3,21 22 23 24 25 26 27 28 29,3-4 5-6 7-8 9-10 12-13 14-15 16-18 2-11 1-17,color3,2.1,-57.241378225195476,-27.832971047185072,1.313197062165063,0.020753033389110716,-29.146168109350135,1.0
group,color3,21 22 23 24 25 26 27 28 29,3-4 5-6 7-8 9-10 12-13 14-15 16-18 2-11 1-17,color3,2.3,-62.593192312887865,-27.77794863832213,1.3682194710280058,0.019979801143721897,-29.146168109350135,1.0
bond,bond_0_1-2,0,1-2,,1.0,-29.146168109350057,-29.146168109350068,6.750155989720952e-14,1.0000000000000018,-29.146168109350135,1.0
bond,bond_0_1-2,0,1-2,,1.02,-29.177775994384962,-29.140747743452273,0.005420365897862212,0.9636846588151154,-29.146168109350135,1.0
bond,bond_0_1-2,0,1-2,,1.04,-29.219184160829965,-29.12883956866728,0.017328540682854054,0.8844486774815646,-29.146168109350135,1.0
bond,bond_0_1-2,0,1-2,,1.06,-29.26701952475237,-29.116857052805454,0.02931105654468169,0.8063268179158463,-29.146168109350135,1.0
bond,bond_0_1-2,0,1-2,,1.08,-29.318618431983968,-29.107029396002893,0.03913871334724206,0.7442779557390402,-29.146168109350135,1.0
bond,bond_0_1-2,0,1-2,,1.1,-29.372449380523054,-29.099291316801647,0.04687679254848831,0.6973663179741022,-29.146168109350135,1.0
bond,bond_0_1-2,0,1-2,,1.15,-29.51219039489174,-29.08595711240946,0.06021099694067544,0.6225565357353222,-29.146168109350135,1.0
bond,bond_0_1-2,0,1-2,,1.2,-29.655654280296723,-29.07735102438616,0.06881708496397465,0.5798065401433771,-29.146168109350135,1.0
bond,bond_1_4-6,1,4-6,,1.0,-29.146168109350015,-29.14616810935003,1.0658141036401503e-13,1.0000000000000004,-29.146168109350135,1.0
bond,bond_1_4-6,1,4-6,,1.02,-29.14638921182662,-29.14565857382724,0.0005095355228945664,0.999626046328707,-29.146168109350135,1.0
bond,bond_1_4-6,1,4-6,,1.04,-29.147666367725904,-29.143978431609025,0.002189677741110785,0.9983384707594397,-29.146168109350135,1.0
bond,bond_1_4-6,1,4-6,,1.06,-29.150121921399272,-29.14084640837548,0.005321700974654675,0.9958182134271196,-29.146168109350135,1.0
bond,bond_1_4-6,1,4-6,,1.08,-29.153904807199375,-29.13588769620013,0.010280413150006495,0.9916220065488907,-29.146168109350135,1.0
bond,bond_1_4-6,1,4-6,,1.1,-29.1591980129786,-29.12859970064072,0.01756840870941545,0.9851335578271124,-29.146168109350135,1.0
bond,bond_1_4-6,1,4-6,,1.15,-29.180658210035467,-29.095237622726817,0.05093048662331867,0.9525334722033314,-29.146168109350135,1.0
bond,bond_1_4-6,1,4-6,,1.2,-29.218284952563835,-29.026145027099247,0.12002308225088854,0.8774753200265659,-29.146168109350135,1.0
bond,bond_2_8-10,2,8-10,,1.0,-29.146168109350068,-29.146168109350043,9.237055564881302e-14,1.0000000000000018,-29.146168109350135,1.0
bond,bond_2_8-10,2,8-10,,1.02,-29.14622893941539,-29.145639672134067,0.0005284372160687667,0.9995858249926356,-29.146168109350135,1.0
bond,bond_2_8-10,2,8-10,,1.04,-29.147384584762914,-29.143899184954257,0.0022689243958780025,0.998163543617629,-29.146168109350135,1.0
bond,bond_2_8-10,2,8-10,,1.06,-29.14975955569859,-29.140663721882465,0.005504387467670568,0.9953919252128082,-29.146168109350135,1.0
bond,bond_2_8-10,2,8-10,,1.08,-29.153502586478655,-29.13556775889866,0.010600350451476004,0.990810389538253,-29.146168109350135,1.0
bond,bond_2_8-10,2,8-10,,1.1,-29.158791760479588,-29.12814167366271,0.01802643568742468,0.9838065104916885,-29.146168109350135,1.0
bond,bond_2_8-10,2,8-10,,1.15,-29.180271559299538,-29.095163732719172,0.05100437663096358,0.9500205114260983,-29.146168109350135,1.0
bond,bond_2_8-10,2,8-10,,1.2,-29.21722172179011,-29.031477857477512,0.1146902518726236,0.8791822000000208,-29.146168109350135,1.0
bond,bond_3_11-12,3,11-12,,1.0,-29.146168109350064,-29.146168109350057,7.815970093361102e-14,0.9999999999999993,-29.146168109350135,1.0
bond,bond_3_11-12,3,11-12,,1.02,-29.166111372729997,-29.141886849248262,0.00428126010187313,0.9743528264110743,-29.146168109350135,1.0
bond,bond_3_11-12,3,11-12,,1.04,-29.194619895676382,-29.129406322787972,0.01676178656216365,0.9009895743863479,-29.146168109350135,1.0
bond,bond_3_11-12,3,11-12,,1.06,-29.23072004270227,-29.113006443049464,0.0331616663006713,0.8091120996387584,-29.146168109350135,1.0
bond,bond_3_11-12,3,11-12,,1.08,-29.272420091573988,-29.096954834378096,0.049213274972039756,0.7256895660707843,-29.146168109350135,1.0
bond,bond_3_11-12,3,11-12,,1.1,-29.317964563207575,-29.08282833424878,0.06333977510135469,0.6589085031218913,-29.146168109350135,1.0
bond,bond_3_11-12,3,11-12,,1.15,-29.44185685593028,-29.055469692382577,0.09069841696755887,0.5504683453557394,-29.146168109350135,1.0
bond,bond_3_11-12,3,11-12,,1.2,-29.573802728195485,-29.0355886726341,0.1105794367160371,0.48940805283731525,-29.146168109350135,1.0
bond,bond_4_14-16,4,14-16,,1.0,-29.14616810935012,-29.146168109350093,4.263256414560601e-14,0.9999999999999996,-29.146168109350135,1.0
bond,bond_4_14-16,4,14-16,,1.02,-29.146389211826623,-29.145658573839782,0.0005095355103534871,0.9996260463299362,-29.146168109350135,1.0
bond,bond_4_14-16,4,14-16,,1.04,-29.147666367725858,-29.14397843163119,0.002189677718945404,0.9983384707401447,-29.146168109350135,1.0
bond,bond_4_14-16,4,14-16,,1.06,-29.150121921399304,-29.140846408319476,0.0053217010306596535,0.9958182133284392,-29.146168109350135,1.0
bond,bond_4_14-16,4,14-16,,1.08,-29.15390480719936,-29.135887696204783,0.01028041314535244,0.9916220064680112,-29.146168109350135,1.0
bond,bond_4_14-16,4,14-16,,1.1,-29.159198012978493,-29.128599700678855,0.017568408671280622,0.9851335577761176,-29.146168109350135,1.0
bond,bond_4_14-16,4,14-16,,1.15,-29.18065821003542,-29.09523762309163,0.050930486258504715,0.9525334725046117,-29.146168109350135,1.0
bond,bond_4_14-16,4,14-16,,1.2,-29.21828495256391,-29.026145027357334,0.12002308199280165,0.8774753199261365,-29.146168109350135,1.0
bond,bond_5_17-18,5,17-18,,1.0,-29.146168109350096,-29.146168109350057,7.815970093361102e-14,1.0000000000000009,-29.146168109350135,1.0
bond,bond_5_17-18,5,17-18,,1.02,-29.178418589849535,-29.14086283635428,0.005305272995855148,0.9644422501948119,-29.146168109350135,1.0
bond,bond_5_17-18,5,17-18,,1.04,-29.220251448974903,-29.129232459125102,0.016935650225033072,0.8867670122189496,-29.146168109350135,1.0
bond,bond_5_17-18,5,17-18,,1.06,-29.268366050598377,-29.117505022656925,0.028663086693210715,0.8097564077279124,-29.146168109350135,1.0
bond,bond_5_17-18,5,17-18,,1.08,-29.320167570577738,-29.107867862980406,0.03830024636972951,0.7482408523934494,-29.146168109350135,1.0
bond,bond_5_17-18,5,17-18,,1.1,-29.3741583959311,-29.10027800475694,0.045890104593194536,0.7015353038233125,-29.146168109350135,1.0
bond,bond_5_17-18,5,17-18,,1.15,-29.51419487650415,-29.08723256589859,0.058935543451546835,0.6267595694610567,-29.146168109350135,1.0
bond,bond_5_17-18,5,17-18,,1.2,-29.65786528314459,-29.07886125520467,0.067306854145464,0.5839196411525118,-29.146168109350135,1.0
bond,bond_6_0-1,6,0-1,,1.0,-29.146168109350075,-29.14616810935009,4.618527782440651e-14,1.0,-29.146168109350135,1.0
bond,bond_6_0-1,6,0-1,,1.02,-29.17267326111076,-29.141012093104216,0.005156016245919659,0.9670110248385255,-29.146168109350135,1.0
bond,bond_6_0-1,6,0-1,,1.04,-29.208936451951043,-29.128133886528992,0.018034222821142976,0.8855113985107543,-29.146168109350135,1.0
bond,bond_6_0-1,6,0-1,,1.06,-29.25248598094861,-29.11375462657621,0.03241348277392575,0.7974342906870111,-29.146168109350135,1.0
bond,bond_6_0-1,6,0-1,,1.08,-29.300683278193194,-29.101228576736915,0.04493953261322048,0.7245518160355054,-29.146168109350135,1.0
bond,bond_6_0-1,6,0-1,,1.1,-29.35177415274747,-29.09100755843209,0.05516055091804617,0.6687851370489146,-29.146168109350135,1.0
bond,bond_6_0-1,6,0-1,,1.15,-29.486459828928364,-29.072707495792397,0.0734606135577387,0.580165375225348,-29.146168109350135,1.0
bond,bond_6_0-1,6,0-1,,1.2,-29.626349780336273,-29.06038565684007,0.08578245251006678,0.5302562010336522,-29.146168109350135,1.0
bond,bond_7_2-4,7,2-4,,1.0,-29.146168109350107,-29.146168109350086,4.973799150320701e-14,0.9999999999999998,-29.146168109350135,1.0
bond,bond_7_2-4,7,2-4,,1.02,-29.146228939415348,-29.145639672133697,0.0005284372164382489,0.9995858250249819,-29.146168109350135,1.0
bond,bond_7_2-4,7,2-4,,1.04,-29.147384584762914,-29.143899184832183,0.0022689245179527973,0.9981635435322848,-29.146168109350135,1.0
bond,bond_7_2-4,7,2-4,,1.06,-29.14975955569864,-29.140663721824012,0.005504387526123367,0.9953919252592566,-29.146168109350135,1.0
bond,bond_7_2-4,7,2-4,,1.08,-29.153502586478712,-29.135567758933266,0.01060035041686902,0.9908103897304124,-29.146168109350135,1.0
bond,bond_7_2-4,7,2-4,,1.1,-29.15879176047956,-29.128141673543876,0.0180264358062594,0.9838065105790132,-29.146168109350135,1.0
bond,bond_7_2-4,7,2-4,,1.15,-29.180271559299516,-29.095163732874866,0.05100437647526945,0.9500205119194571,-29.146168109350135,1.0
bond,bond_7_2-4,7,2-4,,1.2,-29.21722172179019,-29.031477858091513,0.11469025125862231,0.8791822011480102,-29.146168109350135,1.0
bond,bond_8_6-8,8,6-8,,1.0,-29.146168109350086,-29.146168109350057,7.815970093361102e-14,1.0000000000000004,-29.146168109350135,1.0
bond,bond_8_6-8,8,6-8,,1.02,-29.14638921182669,-29.145658573806706,0.0005095355434292514,0.9996260462841614,-29.146168109350135,1.0
bond,bond_8_6-8,8,6-8,,1.04,-29.147666367725904,-29.143978431614403,0.0021896777357319763,0.9983384707137505,-29.146168109350135,1.0
bond,bond_8_6-8,8,6-8,,1.06,-29.150121921399247,-29.140846408351837,0.005321700998297985,0.9958182133415069,-29.146168109350135,1.0
bond,bond_8_6-8,8,6-8,,1.08,-29.153904807199282,-29.135887696077884,0.01028041327225182,0.9916220062812001,-29.146168109350135,1.0
bond,bond_8_6-8,8,6-8,,1.1,-29.15919801297856,-29.128599700638496,0.01756840871163945,0.9851335577395984,-29.146168109350135,1.0
bond,bond_8_6-8,8,6-8,,1.15,-29.18065821003548,-29.095237623125755,0.0509304862243809,0.952533472437657,-29.146168109350135,1.0
bond,bond_8_6-8,8,6-8,,1.2,-29.21828495256387,-29.026145027230992,0.12002308211914325,0.8774753197093107,-29.146168109350135,1.0
bond,bond_9_10-11,9,10-11,,1.0,-29.146168109350054,-29.14616810935008,5.684341886080802e-14,1.0,-29.146168109350135,1.0
bond,bond_9_10-11,9,10-11,,1.02,-29.16611137273,-29.14188684926689,0.004281260083246252,0.9743528264411006,-29.146168109350135,1.0
bond,bond_9_10-11,9,10-11,,1.04,-29.194619895676485,-29.129406322778706,0.016761786571429127,0.9009895744007446,-29.146168109350135,1.0
bond,bond_9_10-11,9,10-11,,1.06,-29.230720042702263,-29.113006442989306,0.0331616663608294,0.8091120995618033,-29.146168109350135,1.0
bond,bond_9_10-11,9,10-11,,1.08,-29.272420091573935,-29.096954834452184,0.049213274897951464,0.7256895661831234,-29.146168109350135,1.0
bond,bond_9_10-11,9,10-11,,1.1,-29.317964563207564,-29.082828334302047,0.06333977504808885,0.6589085031520602,-29.146168109350135,1.0
bond,bond_9_10-11,9,10-11,,1.15,-29.441856855930308,-29.05546969216152,0.09069841718861582,0.5504683453693646,-29.146168109350135,1.0
bond,bond_9_10-11,9,10-11,,1.2,-29.573802728195478,-29.035588673085922,0.11057943626421363,0.4894080532433308,-29.146168109350135,1.0
bond,bond_10_12-14,10,12-14,,1.0,-29.14616810935008,-29.14616810935005,8.526512829121202e-14,0.9999999999999996,-29.146168109350135,1.0
bond,bond_10_12-14,10,12-14,,1.02,-29.146228939415376,-29.145639672118072,0.0005284372320630837,0.9995858250023854,-29.146168109350135,1.0
bond,bond_10_12-14,10,12-14,,1.04,-29.147384584762914,-29.143899185026843,0.0022689243232925094,0.9981635437556281,-29.146168109350135,1.0
bond,bond_10_12-14,10,12-14,,1.06,-29.149759555698626,-29.140663721846277,0.00550438750385851,0.9953919252654548,-29.146168109350135,1.0
bond,bond_10_12-14,10,12-14,,1.08,-29.153502586478705,-29.135567758800665,0.010600350549470505,0.9908103895987708,-29.146168109350135,1.0
bond,bond_10_12-14,10,12-14,,1.1,-29.15879176047958,-29.12814167352238,0.01802643582775687,0.9838065105538778,-29.146168109350135,1.0
bond,bond_10_12-14,10,12-14,,1.15,-29.180271559299538,-29.09516373273176,0.05100437661837631,0.9500205117749444,-29.146168109350135,1.0
bond,bond_10_12-14,10,12-14,,1.2,-29.217221721790096,-29.03147785769854,0.11469025165159508,0.8791822008311961,-29.146168109350135,1.0
bond,bond_11_16-17,11,16-17,,1.0,-29.146168109350064,-29.14616810935004,9.592326932761353e-14,1.0000000000000004,-29.146168109350135,1.0
bond,bond_11_16-17,11,16-17,,1.02,-29.14638921182662,-29.145658573825827,0.0005095355243085464,0.9996260463191518,-29.146168109350135,1.0
bond,bond_11_16-17,11,16-17,,1.04,-29.147666367725833,-29.143978431614606,0.0021896777355294716,0.9983384707374434,-29.146168109350135,1.0
bond,bond_11_16-17,11,16-17,,1.06,-29.15012192139929,-29.14084640834011,0.0053217010100254925,0.9958182133715773,-29.146168109350135,1.0
bond,bond_11_16-17,11,16-17,,1.08,-29.153904807199304,-29.135887696153155,0.010280413196980476,0.9916220064436099,-29.146168109350135,1.0
bond,bond_11_16-17,11,16-17,,1.1,-29.159198012978557,-29.12859970068883,0.017568408661304602,0.9851335578170185,-29.146168109350135,1.0
bond,bond_11_16-17,11,16-17,,1.15,-29.180658210035467,-29.09523762299697,0.05093048635316677,0.9525334724740702,-29.146168109350135,1.0
bond,bond_11_16-17,11,16-17,,1.2,-29.218284952563923,-29.026145027249687,0.12002308210044887,0.8774753199447479,-29.146168109350135,1.0
bond,bond_12_2-3,12,2-3,,1.0,-29.146168109350132,-29.146168109350043,9.237055564881302e-14,1.0000000000000004,-29.146168109350135,1.0
bond,bond_12_2-3,12,2-3,,1.02,-29.172673261110617,-29.14101209315001,0.00515601620012518,0.9670110249002283,-29.146168109350135,1.0
bond,bond_12_2-3,12,2-3,,1.04,-29.208936451951082,-29.12813388652129,0.01803422282884526,0.885511398477343,-29.146168109350135,1.0
bond,bond_12_2-3,12,2-3,,1.06,-29.25248598094857,-29.113754626544036,0.032413482806099125,0.7974342906166596,-29.146168109350135,1.0
bond,bond_12_2-3,12,2-3,,1.08,-29.300683278193194,-29.10122857670164,0.04493953264849537,0.7245518160083161,-29.146168109350135,1.0
bond,bond_12_2-3,12,2-3,,1.1,-29.351774152747513,-29.091007558545506,0.05516055080462934,0.6687851372055521,-29.146168109350135,1.0
bond,bond_12_2-3,12,2-3,,1.15,-29.486459828928375,-29.072707495655663,0.07346061369447199,0.5801653748704647,-29.146168109350135,1.0
bond,bond_12_2-3,12,2-3,,1.2,-29.626349780336277,-29.06038565700884,0.08578245234129511,0.5302562013820538,-29.146168109350135,1.0
bond,bond_13_4-5,13,4-5,,1.0,-29.146168109349976,-29.146168109350082,5.3290705182007514e-14,1.0000000000000018,-29.146168109350135,1.0
bond,bond_13_4-5,13,4-5,,1.02,-29.178418589849507,-29.140862836351708,0.005305272998427313,0.9644422501700576,-29.146168109350135,1.0
bond,bond_13_4-5,13,4-5,,1.04,-29.220251448974988,-29.129232459194302,0.016935650155833315,0.8867670123011067,-29.146168109350135,1.0
bond,bond_13_4-5,13,4-5,,1.06,-29.268366050598438,-29.11750502270037,0.02866308664976458,0.8097564078508809,-29.146168109350135,1.0
bond,bond_13_4-5,13,4-5,,1.08,-29.320167570577787,-29.107867862956954,0.03830024639318097,0.7482408523201868,-29.146168109350135,1.0
bond,bond_13_4-5,13,4-5,,1.1,-29.374158395931083,-29.100278004866894,0.0458901044832416,0.7015353039592576,-29.146168109350135,1.0
bond,bond_13_4-5,13,4-5,,1.15,-29.514194876504178,-29.087232565774386,0.058935543575749705,0.626759568995803,-29.146168109350135,1.0
bond,bond_13_4-5,13,4-5,,1.2,-29.657865283144567,-29.078861255165087,0.06730685418504834,0.5839196409198262,-29.146168109350135,1.0
bond,bond_14_6-7,14,6-7,,1.0,-29.146168109350086,-29.14616810935009,4.618527782440651e-14,1.0,-29.146168109350135,1.0
bond,bond_14_6-7,14,6-7,,1.02,-29.183572676061083,-29.141343498237315,0.004824611112820065,0.9671901016444913,-29.146168109350135,1.0
bond,bond_14_6-7,14,6-7,,1.04,-29.229415869664425,-29.13166782719907,0.014500282151065136,0.9010633395089629,-29.146168109350135,1.0
bond,bond_14_6-7,14,6-7,,1.06,-29.280371504574564,-29.122340228397324,0.023827880952811853,0.8374967735932382,-29.146168109350135,1.0
bond,bond_14_6-7,14,6-7,,1.08,-29.3342367452426,-29.114791453194517,0.031376656155618576,0.7865469003923239,-29.146168109350135,1.0
bond,bond_14_6-7,14,6-7,,1.1,-29.389811080371807,-29.108889780939407,0.037278328410728534,0.7472990439344749,-29.146168109350135,1.0
bond,bond_14_6-7,14,6-7,,1.15,-29.53265599768453,-29.098886119716475,0.04728198963366026,0.6829030663459427,-29.146168109350135,1.0
bond,bond_14_6-7,14,6-7,,1.2,-29.678257871120273,-29.092640524739338,0.053527584610797874,0.644970939846001,-29.146168109350135,1.0
bond,bond_15_8-9,15,8-9,,1.0,-29.146168109350118,-29.14616810935007,6.394884621840902e-14,0.9999999999999993,-29.146168109350135,1.0
bond,bond_15_8-9,15,8-9,,1.02,-29.188223073044824,-29.142229529441963,0.003938579908172812,0.9736067655245004,-29.146168109350135,1.0
bond,bond_15_8-9,15,8-9,,1.04,-29.2370545066047,-29.134663891286454,0.011504218063681293,0.9222847451654183,-29.146168109350135,1.0
bond,bond_15_8-9,15,8-9,,1.06,-29.28987346731641,-29.127370994030706,0.018797115319429736,0.8724641311532876,-29.146168109350135,1.0
bond,bond_15_8-9,15,8-9,,1.08,-29.344982098260374,-29.121373713262845,0.02479439608729095,0.8313963347120378,-29.146168109350135,1.0
bond,bond_15_8-9,15,8-9,,1.1,-29.401457914545425,-29.11661500403694,0.02955310531319455,0.7988417127168203,-29.146168109350135,1.0
bond,bond_15_8-9,15,8-9,,1.15,-29.54582141537111,-29.108455541471233,0.03771256787890209,0.7434283439549316,-29.146168109350135,1.0
bond,bond_15_8-9,15,8-9,,1.2,-29.692434894385467,-29.103374029680634,0.04279407966950188,0.7095591377719764,-29.146168109350135,1.0
bond,bond_16_10-12,16,10-12,,1.0,-29.146168109350086,-29.146168109350057,7.815970093361102e-14,0.9999999999999996,-29.146168109350135,1.0
bond,bond_16_10-12,16,10-12,,1.02,-29.177775994384987,-29.14074774344087,0.0054203659092664225,0.9636846588060921,-29.146168109350135,1.0
bond,bond_16_10-12,16,10-12,,1.04,-29.219184160829993,-29.128839568736833,0.01732854061330258,0.8844486775552165,-29.146168109350135,1.0
bond,bond_16_10-12,16,10-12,,1.06,-29.267019524752378,-29.116857052842708,0.029311056507427935,0.806326817963751,-29.146168109350135,1.0
bond,bond_16_10-12,16,10-12,,1.08,-29.318618431983985,-29.10702939602463,0.03913871332550656,0.7442779557604089,-29.146168109350135,1.0
bond,bond_16_10-12,16,10-12,,1.1,-29.372449380523054,-29.09929131690113,0.04687679244900522,0.6973663180814171,-29.146168109350135,1.0
bond,bond_16_10-12,16,10-12,,1.15,-29.512190394891768,-29.085957112525605,0.06021099682453013,0.6225565358653101,-29.146168109350135,1.0
bond,bond_16_10-12,16,10-12,,1.2,-29.655654280296666,-29.077351024408934,0.06881708494120176,0.5798065401527696,-29.146168109350135,1.0
bond,bond_17_13-14,17,13-14,,1.0,-29.146168109350146,-29.146168109350075,6.039613253960852e-14,0.9999999999999998,-29.146168109350135,1.0
bond,bond_17_13-14,17,13-14,,1.02,-29.188223073044703,-29.142229529446126,0.003938579904009032,0.9736067655249758,-29.146168109350135,1.0
bond,bond_17_13-14,17,13-14,,1.04,-29.23705450660475,-29.134663891257752,0.011504218092383667,0.9222847451398057,-29.146168109350135,1.0
bond,bond_17_13-14,17,13-14,,1.06,-29.289873467316365,-29.12737099403687,0.018797115313265778,0.872464131191808,-29.146168109350135,1.0
bond,bond_17_13-14,17,13-14,,1.08,-29.344982098260346,-29.121373713259878,0.024794396090257464,0.8313963346988693,-29.146168109350135,1.0
bond,bond_17_13-14,17,13-14,,1.1,-29.40145791454535,-29.11661500399044,0.02955310535969602,0.7988417125851761,-29.146168109350135,1.0
bond,bond_17_13-14,17,13-14,,1.15,-29.545821415370963,-29.108455541456312,0.03771256789382349,0.7434283439003255,-29.146168109350135,1.0
bond,bond_17_13-14,17,13-14,,1.2,-29.692434894385528,-29.103374029326105,0.042794080024030734,0.7095591356896074,-29.146168109350135,1.0
bond,bond_18_15-16,18,15-16,,1.0,-29.146168109350082,-29.14616810935007,6.394884621840902e-14,1.0,-29.146168109350135,1.0
bond,bond_18_15-16,18,15-16,,1.02,-29.18357267606112,-29.141343498236765,0.004824611113370736,0.9671901016444377,-29.146168109350135,1.0
bond,bond_18_15-16,18,15-16,,1.04,-29.22941586966448,-29.131667827206766,0.014500282143369958,0.901063339520975,-29.146168109350135,1.0
bond,bond_18_15-16,18,15-16,,1.06,-29.280371504574433,-29.122340228365083,0.02382788098505273,0.8374967734934554,-29.146168109350135,1.0
bond,bond_18_15-16,18,15-16,,1.08,-29.334236745242627,-29.11479145319254,0.031376656157593885,0.7865469004251239,-29.146168109350135,1.0
bond,bond_18_15-16,18,15-16,,1.1,-29.3898110803718,-29.108889780942043,0.03727832840809242,0.7472990439313179,-29.146168109350135,1.0
bond,bond_18_15-16,18,15-16,,1.15,-29.532655997684483,-29.09888611956887,0.047281989781264855,0.6829030657295821,-29.146168109350135,1.0
bond,bond_18_15-16,18,15-16,,1.2,-29.67825787112032,-29.092640524595524,0.05352758475461172,0.6449709388067018,-29.146168109350135,1.0
bond,bond_19_1-11,19,1-11,,1.0,-29.146168109349997,-29.146168109350064,7.105427357601002e-14,1.0,-29.146168109350135,1.0
bond,bond_19_1-11,19,1-11,,1.02,-29.16611137272999,-29.14188684927473,0.004281260075405413,0.9743528264560961,-29.146168109350135,1.0
bond,bond_19_1-11,19,1-11,,1.04,-29.194619895676347,-29.129406322726616,0.016761786623519015,0.9009895743285247,-29.146168109350135,1.0
bond,bond_19_1-11,19,1-11,,1.06,-29.230720042702313,-29.11300644302921,0.03316166632092532,0.8091120996143528,-29.146168109350135,1.0
bond,bond_19_1-11,19,1-11,,1.08,-29.272420091573935,-29.09695483447261,0.049213274877526914,0.7256895662145374,-29.146168109350135,1.0
bond,bond_19_1-11,19,1-11,,1.1,-29.317964563207543,-29.082828334118144,0.06333977523199152,0.6589085029893302,-29.146168109350135,1.0
bond,bond_19_1-11,19,1-11,,1.15,-29.441856855930233,-29.055469692285403,0.0906984170647327,0.5504683452183773,-29.146168109350135,1.0
bond,bond_19_1-11,19,1-11,,1.2,-29.573802728195428,-29.03558867271673,0.11057943663340453,0.48940805303949003,-29.146168109350135,1.0
bond,bond_20_0-17,20,0-17,,1.0,-29.146168109350086,-29.14616810935007,6.394884621840902e-14,1.0,-29.146168109350135,1.0
bond,bond_20_0-17,20,0-17,,1.02,-29.188223073044792,-29.142229529445217,0.003938579904918527,0.9736067655253314,-29.146168109350135,1.0
bond,bond_20_0-17,20,0-17,,1.04,-29.23705450660474,-29.13466389127602,0.011504218074115613,0.9222847451541262,-29.146168109350135,1.0
bond,bond_20_0-17,20,0-17,,1.06,-29.289873467316408,-29.12737099405575,0.018797115294386657,0.8724641312335009,-29.146168109350135,1.0
bond,bond_20_0-17,20,0-17,,1.08,-29.344982098260367,-29.12137371322042,0.024794396129713903,0.831396334603214,-29.146168109350135,1.0
bond,bond_20_0-17,20,0-17,,1.1,-29.40145791454536,-29.116615004019156,0.029553105330979434,0.798841712631388,-29.146168109350135,1.0
bond,bond_20_0-17,20,0-17,,1.15,-29.545821415371062,-29.10845554145997,0.037712567890164195,0.7434283440983567,-29.146168109350135,1.0
bond,bond_20_0-17,20,0-17,,1.2,-29.692434894385435,-29.103374029404183,0.042794079945952745,0.7095591363854561,-29.146168109350135,1.0
bond,bond_21_3-4,21,3-4,,1.0,-29.14616810935012,-29.14616810935005,8.526512829121202e-14,0.9999999999999993,-29.146168109350135,1.0
bond,bond_21_3-4,21,3-4,,1.02,-29.188223073044778,-29.142229529453104,0.003938579897031502,0.9736067655339151,-29.146168109350135,1.0
bond,bond_21_3-4,21,3-4,,1.04,-29.23705450660465,-29.134663891263973,0.011504218086162865,0.9222847451452654,-29.146168109350135,1.0
bond,bond_21_3-4,21,3-4,,1.06,-29.289873467316454,-29.127370994019373,0.018797115330762892,0.8724641311766808,-29.146168109350135,1.0
bond,bond_21_3-4,21,3-4,,1.08,-29.344982098260335,-29.1213737132162,0.024794396133934526,0.8313963346188226,-29.146168109350135,1.0
bond,bond_21_3-4,21,3-4,,1.1,-29.401457914545336,-29.116615004007066,0.02955310534306932,0.7988417126597089,-29.146168109350135,1.0
bond,bond_21_3-4,21,3-4,,1.15,-29.54582141537112,-29.10845554147463,0.0377125678755057,0.7434283439905864,-29.146168109350135,1.0
bond,bond_21_3-4,21,3-4,,1.2,-29.692434894385478,-29.103374029525458,0.04279407982467731,0.7095591366213654,-29.146168109350135,1.0
bond,bond_22_5-6,22,5-6,,1.0,-29.14616810935012,-29.14616810935006,7.460698725481052e-14,1.0000000000000009,-29.146168109350135,1.0
bond,bond_22_5-6,22,5-6,,1.02,-29.183572676061097,-29.141343498244563,0.004824611105572529,0.9671901016458976,-29.146168109350135,1.0
bond,bond_22_5-6,22,5-6,,1.04,-29.22941586966446,-29.13166782717145,0.014500282178683932,0.90106333946612,-29.146168109350135,1.0
bond,bond_22_5-6,22,5-6,,1.06,-29.280371504574514,-29.12234022841836,0.023827880931776235,0.8374967736100261,-29.146168109350135,1.0
bond,bond_22_5-6,22,5-6,,1.08,-29.334236745242535,-29.114791453168852,0.03137665618128338,0.7865469003179881,-29.146168109350135,1.0
bond,bond_22_5-6,22,5-6,,1.1,-29.389811080371885,-29.10888978095295,0.03727832839718559,0.7472990439459227,-29.146168109350135,1.0
bond,bond_22_5-6,22,5-6,,1.15,-29.532655997684593,-29.0988861195981,0.04728198975203668,0.6829030659044464,-29.146168109350135,1.0
bond,bond_22_5-6,22,5-6,,1.2,-29.678257871120266,-29.09264052467017,0.053527584679965656,0.6449709392275087,-29.146168109350135,1.0
bond,bond_23_7-8,23,7-8,,1.0,-29.146168109350125,-29.14616810935007,6.394884621840902e-14,1.0000000000000027,-29.146168109350135,1.0
bond,bond_23_7-8,23,7-8,,1.02,-29.178418589849542,-29.140862836354913,0.005305272995222765,0.964442250193688,-29.146168109350135,1.0
bond,bond_23_7-8,23,7-8,,1.04,-29.22025144897487,-29.1292324591818,0.016935650168335314,0.8867670122740963,-29.146168109350135,1.0
bond,bond_23_7-8,23,7-8,,1.06,-29.268366050598395,-29.11750502257298,0.028663086777154234,0.809756407602385,-29.146168109350135,1.0
bond,bond_23_7-8,23,7-8,,1.08,-29.32016757057779,-29.1078678630264,0.038300246323736076,0.7482408525096675,-29.146168109350135,1.0
bond,bond_23_7-8,23,7-8,,1.1,-29.374158395931037,-29.100278004702307,0.04589010464782817,0.7015353035169872,-29.146168109350135,1.0
bond,bond_23_7-8,23,7-8,,1.15,-29.51419487650415,-29.087232565699363,0.05893554365077236,0.6267595686425972,-29.146168109350135,1.0
bond,bond_23_7-8,23,7-8,,1.2,-29.657865283144492,-29.07886125524694,0.06730685410319381,0.583919641241163,-29.146168109350135,1.0
bond,bond_24_9-10,24,9-10,,1.0,-29.14616810935003,-29.14616810935009,4.618527782440651e-14,1.0000000000000018,-29.146168109350135,1.0
bond,bond_24_9-10,24,9-10,,1.02,-29.17267326111068,-29.14101209306572,0.0051560162844168644,0.9670110247902691,-29.146168109350135,1.0
bond,bond_24_9-10,24,9-10,,1.04,-29.208936451951068,-29.1281338865291,0.018034222821036394,0.8855113985488852,-29.146168109350135,1.0
bond,bond_24_9-10,24,9-10,,1.06,-29.25248598094859,-29.113754626541404,0.032413482808731686,0.7974342906599985,-29.146168109350135,1.0
bond,bond_24_9-10,24,9-10,,1.08,-29.30068327819319,-29.10122857677753,0.044939532572605856,0.7245518161987663,-29.146168109350135,1.0
bond,bond_24_9-10,24,9-10,,1.1,-29.351774152747534,-29.091007558291082,0.055160551059053375,0.6687851369539164,-29.146168109350135,1.0
bond,bond_24_9-10,24,9-10,,1.15,-29.486459828928265,-29.072707495350297,0.07346061399983839,0.5801653752153689,-29.146168109350135,1.0
bond,bond_24_9-10,24,9-10,,1.2,-29.626349780336245,-29.06038565681113,0.08578245253900718,0.5302562010729229,-29.146168109350135,1.0
bond,bond_25_12-13,25,12-13,,1.0,-29.146168109350185,-29.146168109350068,6.750155989720952e-14,0.9999999999999993,-29.146168109350135,1.0
bond,bond_25_12-13,25,12-13,,1.02,-29.17267326111071,-29.141012093117027,0.0051560162331085735,0.9670110248479113,-29.146168109350135,1.0
bond,bond_25_12-13,25,12-13,,1.04,-29.208936451951036,-29.128133886520597,0.018034222829538038,0.885511398501113,-29.146168109350135,1.0
bond,bond_25_12-13,25,12-13,,1.06,-29.252485980948574,-29.113754626548296,0.03241348280183942,0.7974342906425269,-29.146168109350135,1.0
bond,bond_25_12-13,25,12-13,,1.08,-29.300683278193173,-29.10122857677743,0.04493953257270533,0.7245518160402502,-29.146168109350135,1.0
bond,bond_25_12-13,25,12-13,,1.1,-29.351774152747474,-29.09100755842901,0.05516055092112637,0.6687851370330863,-29.146168109350135,1.0
bond,bond_25_12-13,25,12-13,,1.15,-29.48645982892839,-29.072707495983913,0.07346061336622256,0.5801653757292137,-29.146168109350135,1.0
bond,bond_25_12-13,25,12-13,,1.2,-29.62634978033626,-29.060385656687828,0.08578245266230766,0.530256200918163,-29.146168109350135,1.0
bond,bond_26_14-15,26,14-15,,1.0,-29.14616810935013,-29.146168109350068,6.750155989720952e-14,1.0,-29.146168109350135,1.0
bond,bond_26_14-15,26,14-15,,1.02,-29.178418589849556,-29.140862836347598,0.0053052730025378025,0.9644422501774438,-29.146168109350135,1.0
bond,bond_26_14-15,26,14-15,,1.04,-29.220251448974857,-29.129232459183466,0.01693565016666909,0.8867670122883221,-29.146168109350135,1.0
bond,bond_26_14-15,26,14-15,,1.06,-29.268366050598434,-29.117505022699653,0.028663086650482228,0.8097564077826849,-29.146168109350135,1.0
bond,bond_26_14-15,26,14-15,,1.08,-29.320167570577798,-29.107867863006316,0.038300246343819566,0.7482408524157421,-29.146168109350135,1.0
bond,bond_26_14-15,26,14-15,,1.1,-29.37415839593105,-29.100278004845293,0.0458901045048421,0.7015353040363252,-29.146168109350135,1.0
bond,bond_26_14-15,26,14-15,,1.15,-29.51419487650413,-29.08723256575876,0.05893554359137454,0.6267595689825575,-29.146168109350135,1.0
bond,bond_26_14-15,26,14-15,,1.2,-29.65786528314454,-29.078861255439534,0.0673068539106012,0.5839196414031076,-29.146168109350135,1.0
bond,bond_27_16-18,27,16-18,,1.0,-29.146168109350096,-29.146168109350015,1.2079226507921703e-13,0.9999999999999989,-29.146168109350135,1.0
bond,bond_27_16-18,27,16-18,,1.02,-29.183572676061022,-29.14134349824385,0.004824611106286625,0.9671901016613207,-29.146168109350135,1.0
bond,bond_27_16-18,27,16-18,,1.04,-29.22941586966452,-29.13166782719904,0.01450028215109711,0.9010633395554705,-29.146168109350135,1.0
bond,bond_27_16-18,27,16-18,,1.06,-29.280371504574493,-29.122340228302672,0.02382788104746325,0.8374967734125912,-29.146168109350135,1.0
bond,bond_27_16-18,27,16-18,,1.08,-29.334236745242553,-29.114791453168174,0.03137665618196195,0.7865469003396581,-29.146168109350135,1.0
bond,bond_27_16-18,27,16-18,,1.1,-29.389811080371867,-29.108889780940377,0.03727832840975864,0.7472990439143162,-29.146168109350135,1.0
bond,bond_27_16-18,27,16-18,,1.15,-29.53265599768452,-29.098886119574512,0.047281989775623146,0.6829030657869427,-29.146168109350135,1.0
bond,bond_27_16-18,27,16-18,,1.2,-29.678257871120312,-29.09264052473658,0.05352758461355478,0.6449709395205203,-29.146168109350135,1.0
bond,bond_28_2-11,28,2-11,,1.0,-29.146168109350114,-29.14616810935005,8.526512829121202e-14,1.0000000000000009,-29.146168109350135,1.0
bond,bond_28_2-11,28,2-11,,1.02,-29.16611137272997,-29.141886849280603,0.004281260069532777,0.9743528264533969,-29.146168109350135,1.0
bond,bond_28_2-11,28,2-11,,1.04,-29.194619895676468,-29.129406323054685,0.016761786295450776,0.9009895747331338,-29.146168109350135,1.0
bond,bond_28_2-11,28,2-11,,1.06,-29.2307200427023,-29.113006442982783,0.03316166636735218,0.8091120995294767,-29.146168109350135,1.0
bond,bond_28_2-11,28,2-11,,1.08,-29.27242009157389,-29.096954834434666,0.049213274915469896,0.7256895661569924,-29.146168109350135,1.0
bond,bond_28_2-11,28,2-11,,1.1,-29.317964563207525,-29.082828334348328,0.06333977500180765,0.6589085032656922,-29.146168109350135,1.0
bond,bond_28_2-11,28,2-11,,1.15,-29.44185685593025,-29.055469692325666,0.09069841702446979,0.550468345460626,-29.146168109350135,1.0
bond,bond_28_2-11,28,2-11,,1.2,-29.57380272819553,-29.035588672864392,0.11057943648574309,0.489408053083478,-29.146168109350135,1.0
bond,bond_29_1-17,29,1-17,,1.0,-29.146168109350096,-29.146168109350057,7.815970093361102e-14,0.9999999999999991,-29.146168109350135,1.0
bond,bond_29_1-17,29,1-17,,1.02,-29.146228939415423,-29.145639672223865,0.0005284371262703758,0.9995858251080283,-29.146168109350135,1.0
bond,bond_29_1-17,29,1-17,,1.04,-29.14738458476288,-29.143899184965456,0.002268924384679849,0.998163543653014,-29.146168109350135,1.0
bond,bond_29_1-17,29,1-17,,1.06,-29.149759555698633,-29.14066372186726,0.005504387482876183,0.9953919252350263,-29.146168109350135,1.0
bond,bond_29_1-17,29,1-17,,1.08,-29.15350258647881,-29.135567758933234,0.010600350416900994,0.9908103896405229,-29.146168109350135,1.0
bond,bond_29_1-17,29,1-17,,1.1,-29.158791760479733,-29.128141673615367,0.018026435734768143,0.983806510517603,-29.146168109350135,1.0
bond,bond_29_1-17,29,1-17,,1.15,-29.18027155929963,-29.095163732943984,0.05100437640615141,0.9500205117655823,-29.146168109350135,1.0
bond,bond_29_1-17,29,1-17,,1.2,-29.217221721790164,-29.031477857732607,0.1146902516175281,0.8791822005565811,-29.146168109350135,1.0
triangle,triangle_0_0-1-17,6 20 29,0-1 0-17 1-17,,1.0,-29.146168109350025,-29.14616810935008,5.684341886080802e-14,1.0000000000000009,-29.146168109350135,1.0
triangle,triangle_0_0-1-17,6 20 29,0-1 0-17 1-17,,1.02,-29.20466083330401,-29.146128367293986,3.974205614909465e-05,0.999932716485053,-29.146168109350135,1.0
triangle,triangle_0_0-1-17,6 20 29,0-1 0-17 1-17,,1.04,-29.26323113701604,-29.14601667349793,0.00015143585220656064,0.9997407491652686,-29.146168109350135,1.0
triangle,triangle_0_0-1-17,6 20 29,0-1 0-17 1-17,,1.06,-29.321873557361233,-29.145843224941842,0.0003248844082932578,0.9994378420262803,-29.146168109350135,1.0
triangle,triangle_0_0-1-17,6 20 29,0-1 0-17 1-17,,1.08,-29.380583101012046,-29.14561690556095,0.000551203789186161,0.9990364042951091,-29.146168109350135,1.0
triangle,triangle_0_0-1-17,6 20 29,0-1 0-17 1-17,,1.1,-29.439355198065225,-29.145345458607324,0.0008226507428119589,0.9985476343254875,-29.146168109350135,1.0
triangle,triangle_0_0-1-17,6 20 29,0-1 0-17 1-17,,1.15,-29.586532470695403,-29.144511619381554,0.001656489968581809,0.997007497220166,-29.146168109350135,1.0
triangle,triangle_0_0-1-17,6 20 29,0-1 0-17 1-17,,1.2,-29.734018825968676,-29.143519653866328,0.0026484554838077656,0.9951144919334439,-29.146168109350135,1.0
triangle,triangle_1_1-2-11,0 19 28,1-2 1-11 2-11,,1.0,-29.146168109350054,-29.146168109350096,3.907985046680551e-14,1.0000000000000018,-29.146168109350135,1.0
triangle,triangle_1_1-2-11,0 19 28,1-2 1-11 2-11,,1.02,-29.203842494541693,-29.146116016699246,5.209265088979009e-05,0.9999417343840226,-29.146168109350135,1.0
triangle,triangle_1_1-2-11,0 19 28,1-2 1-11 2-11,,1.04,-29.26161893410129,-29.145968180954487,0.00019992839564864084,0.9997737334578913,-29.146168109350135,1.0
triangle,triangle_1_1-2-11,0 19 28,1-2 1-11 2-11,,1.06,-29.319491275500706,-29.145736203365537,0.000431905984598302,0.9995056082286131,-29.146168109350135,1.0
triangle,triangle_1_1-2-11,0 19 28,1-2 1-11 2-11,,1.08,-29.377453821753676,-29.14543039919286,0.0007377101572743072,0.9991462373324884,-29.146168109350135,1.0
triangle,triangle_1_1-2-11,0 19 28,1-2 1-11 2-11,,1.1,-29.435501292406116,-29.145059944101607,0.0011081652485280813,0.9987038199874062,-29.146168109350135,1.0
triangle,triangle_1_1-2-11,0 19 28,1-2 1-11 2-11,,1.15,-29.58096021450797,-29.14390236056206,0.002265748788076394,0.9972826959565456,-29.146168109350135,1.0
triangle,triangle_1_1-2-11,0 19 28,1-2 1-11 2-11,,1.2,-29.726852673694037,-29.142494326803636,0.0036737825464996376,0.9954914121654723,-29.146168109350135,1.0
triangle,triangle_2_2-3-4,7 12 21,2-4 2-3 3-4,,1.0,-29.14616810935011,-29.14616810935006,7.460698725481052e-14,1.0000000000000004,-29.146168109350135,1.0
triangle,triangle_2_2-3-4,7 12 21,2-4 2-3 3-4,,1.02,-29.20466083330404,-29.146128367296917,3.9742053218105866e-05,0.9999327164894714,-29.146168109350135,1.0
triangle,triangle_2_2-3-4,7 12 21,2-4 2-3 3-4,,1.04,-29.263231137016103,-29.146016673491708,0.0001514358584273623,0.9997407491604686,-29.146168109350135,1.0
triangle,triangle_2_2-3-4,7 12 21,2-4 2-3 3-4,,1.06,-29.321873557361243,-29.14584322492575,0.0003248844243870508,0.9994378420110058,-29.146168109350135,1.0
triangle,triangle_2_2-3-4,7 12 21,2-4 2-3 3-4,,1.08,-29.380583101012036,-29.145616905561894,0.0005512037882411391,0.9990364042963557,-29.146168109350135,1.0
triangle,triangle_2_2-3-4,7 12 21,2-4 2-3 3-4,,1.1,-29.4393551980652,-29.145345458615882,0.0008226507342534717,0.9985476343362485,-29.146168109350135,1.0
triangle,triangle_2_2-3-4,7 12 21,2-4 2-3 3-4,,1.15,-29.586532470695452,-29.144511619359655,0.0016564899904807362,0.9970074971946206,-29.146168109350135,1.0
triangle,triangle_2_2-3-4,7 12 21,2-4 2-3 3-4,,1.2,-29.734018825968626,-29.14351965385498,0.002648455495155133,0.9951144919244188,-29.146168109350135,1.0
triangle,triangle_3_4-5-6,1 13 22,4-6 4-5 5-6,,1.0,-29.146168109350022,-29.146168109350068,6.750155989720952e-14,1.0000000000000009,-29.146168109350135,1.0
triangle,triangle_3_4-5-6,1 13 22,4-6 4-5 5-6,,1.02,-29.20467427918411,-29.146131112512673,3.699683746205551e-05,0.9999655151557377,-29.146168109350135,1.0
triangle,triangle_3_4-5-6,1 13 22,4-6 4-5 5-6,,1.04,-29.263252704476855,-29.14602699617114,0.0001411131789943454,0.9998678379184012,-29.146168109350135,1.0
triangle,triangle_3_4-5-6,1 13 22,4-6 4-5 5-6,,1.06,-29.321898401617027,-29.145865054216404,0.0003030551337310783,0.9997148572594634,-29.146168109350135,1.0
triangle,triangle_3_4-5-6,1 13 22,4-6 4-5 5-6,,1.08,-29.38060682018017,-29.14565337333057,0.0005147360195643103,0.9995135296846993,-29.146168109350135,1.0
triangle,triangle_3_4-5-6,1 13 22,4-6 4-5 5-6,,1.1,-29.439373798558808,-29.145398997142742,0.0007691122073936185,0.9992699949276305,-29.146168109350135,1.0
triangle,triangle_3_4-5-6,1 13 22,4-6 4-5 5-6,,1.15,-29.586523194290802,-29.144614666053545,0.001553443296590018,0.9985105627250868,-29.146168109350135,1.0
triangle,triangle_3_4-5-6,1 13 22,4-6 4-5 5-6,,1.2,-29.73396406073883,-29.143676319488225,0.002491789861910121,0.9975885448612128,-29.146168109350135,1.0
triangle,triangle_4_6-7-8,8 14 23,6-8 6-7 7-8,,1.0,-29.146168109350054,-29.146168109350064,7.105427357601002e-14,1.0000000000000009,-29.146168109350135,1.0
triangle,triangle_4_6-7-8,8 14 23,6-8 6-7 7-8,,1.02,-29.2046742791841,-29.146131112513054,3.6996837081915146e-05,0.9999655151547645,-29.146168109350135,1.0
triangle,triangle_4_6-7-8,8 14 23,6-8 6-7 7-8,,1.04,-29.263252704476823,-29.146026996180755,0.00014111316938070217,0.9998678379377772,-29.146168109350135,1.0
triangle,triangle_4_6-7-8,8 14 23,6-8 6-7 7-8,,1.06,-29.321898401617027,-29.145865054227706,0.0003030551224298961,0.9997148572664886,-29.146168109350135,1.0
triangle,triangle_4_6-7-8,8 14 23,6-8 6-7 7-8,,1.08,-29.380606820180155,-29.145653373324244,0.0005147360258916933,0.9995135296749847,-29.146168109350135,1.0
triangle,triangle_4_6-7-8,8 14 23,6-8 6-7 7-8,,1.1,-29.439373798558776,-29.14539899712663,0.000769112223505175,0.9992699949133551,-29.146168109350135,1.0
triangle,triangle_4_6-7-8,8 14 23,6-8 6-7 7-8,,1.15,-29.586523194290834,-29.14461466605528,0.0015534432948562937,0.9985105627293426,-29.146168109350135,1.0
triangle,triangle_4_6-7-8,8 14 23,6-8 6-7 7-8,,1.2,-29.733964060738785,-29.1436763194834,0.002491789866734706,0.9975885448572575,-29.146168109350135,1.0
triangle,triangle_5_8-9-10,2 15 24,8-10 8-9 9-10,,1.0,-29.14616810935002,-29.14616810935007,6.394884621840902e-14,1.0,-29.146168109350135,1.0
triangle,triangle_5_8-9-10,2 15 24,8-10 8-9 9-10,,1.02,-29.204660833304054,-29.146128367301028,3.974204910761614e-05,0.9999327164912875,-29.146168109350135,1.0
triangle,triangle_5_8-9-10,2 15 24,8-10 8-9 9-10,,1.04,-29.263231137016103,-29.14601667349012,0.0001514358600154253,0.9997407491588592,-29.146168109350135,1.0
triangle,triangle_5_8-9-10,2 15 24,8-10 8-9 9-10,,1.06,-29.32187355736135,-29.14584322492755,0.00032488442258582495,0.9994378420117428,-29.146168109350135,1.0
triangle,triangle_5_8-9-10,2 15 24,8-10 8-9 9-10,,1.08,-29.380583101012025,-29.14561690556657,0.0005512037835657679,0.999036404300446,-29.146168109350135,1.0
triangle,triangle_5_8-9-10,2 15 24,8-10 8-9 9-10,,1.1,-29.43935519806519,-29.145345458605778,0.0008226507443573894,0.9985476343126636,-29.146168109350135,1.0
triangle,triangle_5_8-9-10,2 15 24,8-10 8-9 9-10,,1.15,-29.586532470695428,-29.144511619385145,0.0016564899649900156,0.9970074972229372,-29.146168109350135,1.0
triangle,triangle_5_8-9-10,2 15 24,8-10 8-9 9-10,,1.2,-29.734018825968654,-29.14351965384772,0.00264845550241688,0.9951144919130387,-29.146168109350135,1.0
triangle,triangle_6_10-11-12,3 9 16,11-12 10-11 10-12,,1.0,-29.146168109350118,-29.146168109350068,6.750155989720952e-14,1.0000000000000004,-29.146168109350135,1.0
triangle,triangle_6_10-11-12,3 9 16,11-12 10-11 10-12,,1.02,-29.203842494541757,-29.146116016700958,5.20926491773821e-05,0.9999417343847502,-29.146168109350135,1.0
triangle,triangle_6_10-11-12,3 9 16,11-12 10-11 10-12,,1.04,-29.261618934101282,-29.145968180971188,0.00019992837894733384,0.999773733472291,-29.146168109350135,1.0
triangle,triangle_6_10-11-12,3 9 16,11-12 10-11 10-12,,1.06,-29.31949127550065,-29.145736203367733,0.00043190598240272493,0.9995056082271704,-29.146168109350135,1.0
triangle,triangle_6_10-11-12,3 9 16,11-12 10-11 10-12,,1.08,-29.377453821753722,-29.145430399190232,0.0007377101599033153,0.9991462373309699,-29.146168109350135,1.0
triangle,triangle_6_10-11-12,3 9 16,11-12 10-11 10-12,,1.1,-29.435501292406116,-29.145059944118298,0.0011081652318374324,0.9987038200079253,-29.146168109350135,1.0
triangle,triangle_6_10-11-12,3 9 16,11-12 10-11 10-12,,1.15,-29.580960214507932,-29.1439023605884,0.0022657487617365746,0.9972826959798872,-29.146168109350135,1.0
triangle,triangle_6_10-11-12,3 9 16,11-12 10-11 10-12,,1.2,-29.726852673693998,-29.142494326837642,0.0036737825124930623,0.9954914121932693,-29.146168109350135,1.0
triangle,triangle_7_12-13-14,10 17 25,12-14 13-14 12-13,,1.0,-29.146168109350057,-29.146168109350043,9.237055564881302e-14,0.9999999999999991,-29.146168109350135,1.0
triangle,triangle_7_12-13-14,10 17 25,12-14 13-14 12-13,,1.02,-29.204660833304082,-29.146128367302435,3.974204770074152e-05,0.9999327164929209,-29.146168109350135,1.0
triangle,triangle_7_12-13-14,10 17 25,12-14 13-14 12-13,,1.04,-29.26323113701601,-29.146016673503794,0.00015143584634103036,0.9997407491750935,-29.146168109350135,1.0
triangle,triangle_7_12-13-14,10 17 25,12-14 13-14 12-13,,1.06,-29.321873557361254,-29.145843224934502,0.0003248844156331643,0.9994378420207451,-29.146168109350135,1.0
triangle,triangle_7_12-13-14,10 17 25,12-14 13-14 12-13,,1.08,-29.380583101012004,-29.14561690557079,0.0005512037793451441,0.9990364043031041,-29.146168109350135,1.0
triangle,triangle_7_12-13-14,10 17 25,12-14 13-14 12-13,,1.1,-29.43935519806506,-29.14534545863905,0.0008226507110862258,0.9985476343553593,-29.146168109350135,1.0
triangle,triangle_7_12-13-14,10 17 25,12-14 13-14 12-13,,1.15,-29.586532470695378,-29.144511619373535,0.0016564899766002839,0.9970074972084654,-29.146168109350135,1.0
triangle,triangle_7_12-13-14,10 17 25,12-14 13-14 12-13,,1.2,-29.734018825968676,-29.143519653848486,0.0026484555016494937,0.9951144919196218,-29.146168109350135,1.0
triangle,triangle_8_14-15-16,4 18 26,14-16 15-16 14-15,,1.0,-29.14616810935,-29.146168109350057,7.815970093361102e-14,1.0,-29.146168109350135,1.0
triangle,triangle_8_14-15-16,4 18 26,14-16 15-16 14-15,,1.02,-29.20467427918403,-29.146131112512265,3.699683787061758e-05,0.9999655151520316,-29.146168109350135,1.0
triangle,triangle_8_14-15-16,4 18 26,14-16 15-16 14-15,,1.04,-29.263252704476802,-29.146026996191104,0.00014111315903164723,0.9998678379464633,-29.146168109350135,1.0
triangle,triangle_8_14-15-16,4 18 26,14-16 15-16 14-15,,1.06,-29.321898401617098,-29.145865054218966,0.0003030551311695717,0.999714857257866,-29.146168109350135,1.0
triangle,triangle_8_14-15-16,4 18 26,14-16 15-16 14-15,,1.08,-29.380606820180123,-29.145653373309727,0.0005147360404080814,0.9995135296709667,-29.146168109350135,1.0
triangle,triangle_8_14-15-16,4 18 26,14-16 15-16 14-15,,1.1,-29.439373798558755,-29.145398997134386,0.0007691122157496011,0.9992699949183411,-29.146168109350135,1.0
triangle,triangle_8_14-15-16,4 18 26,14-16 15-16 14-15,,1.15,-29.586523194290873,-29.14461466603976,0.001553443310374547,0.9985105627157744,-29.146168109350135,1.0
triangle,triangle_8_14-15-16,4 18 26,14-16 15-16 14-15,,1.2,-29.73396406073886,-29.143676319496414,0.002491789853721116,0.9975885448710771,-29.146168109350135,1.0
triangle,triangle_9_16-17-18,5 11 27,17-18 16-17 16-18,,1.0,-29.146168109350025,-29.14616810935005,8.526512829121202e-14,1.0000000000000004,-29.146168109350135,1.0
triangle,triangle_9_16-17-18,5 11 27,17-18 16-17 16-18,,1.02,-29.204674279184093,-29.14613111250192,3.6996848216119815e-05,0.999965515134488,-29.146168109350135,1.0
triangle,triangle_9_16-17-18,5 11 27,17-18 16-17 16-18,,1.04,-29.263252704476844,-29.14602699617827,0.00014111317186404904,0.99986783793365,-29.146168109350135,1.0
triangle,triangle_9_16-17-18,5 11 27,17-18 16-17 16-18,,1.06,-29.321898401617062,-29.145865054227215,0.00030305512292017056,0.9997148572666795,-29.146168109350135,1.0
triangle,triangle_9_16-17-18,5 11 27,17-18 16-17 16-18,,1.08,-29.380606820180155,-29.14565337333694,0.0005147360131942946,0.9995135296925183,-29.146168109350135,1.0
triangle,triangle_9_16-17-18,5 11 27,17-18 16-17 16-18,,1.1,-29.439373798558815,-29.145398997138336,0.0007691122117989835,0.9992699949250269,-29.146168109350135,1.0
triangle,triangle_9_16-17-18,5 11 27,17-18 16-17 16-18,,1.15,-29.586523194290884,-29.144614666045563,0.0015534433045729656,0.9985105627148536,-29.146168109350135,1.0
triangle,triangle_9_16-17-18,5 11 27,17-18 16-17 16-18,,1.2,-29.733964060738828,-29.14367631947264,0.0024917898774958758,0.9975885448421584,-29.146168109350135,1.0
